D,Cos,real,,100000,0.00169113
D,Cos,real,,500000,0.0085878
D,Cos,real,,1000000,0.0187281
D,Cos,real,,5000000,0.0954173
D,Cos,real,,10000000,0.200124
D,Cos,real,,100000000,1.75315
D,Exp,real,,100000,0.000395633
D,Exp,real,,500000,0.0014379
D,Exp,real,,1000000,0.00296603
D,Exp,real,,5000000,0.0142488
D,Exp,real,,10000000,0.0319629
D,Exp,real,,100000000,0.321542
D,Exp2,real,,100000,0.0003532
D,Exp2,real,,500000,0.0015076
D,Exp2,real,,1000000,0.00284917
D,Exp2,real,,5000000,0.0130291
D,Exp2,real,,10000000,0.0266494
D,Exp2,real,,100000000,0.286689
D,Fabs,real,,100000,0.0001676
D,Fabs,real,,500000,0.000815833
D,Fabs,real,,1000000,0.00184653
D,Fabs,real,,5000000,0.00759453
D,Fabs,real,,10000000,0.014403
D,Fabs,real,,100000000,0.147577
D,Log,real,,100000,0.000425533
D,Log,real,,500000,0.00158993
D,Log,real,,1000000,0.0029402
D,Log,real,,5000000,0.0151429
D,Log,real,,10000000,0.0344795
D,Log,real,,100000000,0.322144
D,Log10,real,,100000,0.000355567
D,Log10,real,,500000,0.00164623
D,Log10,real,,1000000,0.00326913
D,Log10,real,,5000000,0.0147114
D,Log10,real,,10000000,0.0317755
D,Log10,real,,100000000,0.307643
D,Log2,real,,100000,0.0003951
D,Log2,real,,500000,0.0015673
D,Log2,real,,1000000,0.0031791
D,Log2,real,,5000000,0.0142928
D,Log2,real,,10000000,0.028462
D,Log2,real,,100000000,0.312721
D,Round,real,,100000,0.000332233
D,Round,real,,500000,0.0012191
D,Round,real,,1000000,0.0024456
D,Round,real,,5000000,0.0112531
D,Round,real,,10000000,0.0231057
D,Round,real,,100000000,0.240791
D,Sin,real,,100000,0.00193807
D,Sin,real,,500000,0.00844163
D,Sin,real,,1000000,0.0186395
D,Sin,real,,5000000,0.092625
D,Sin,real,,10000000,0.181736
D,Sin,real,,100000000,1.85022
D,Sqrt,real,,100000,0.000171467
D,Sqrt,real,,500000,0.000906533
D,Sqrt,real,,1000000,0.0014728
D,Sqrt,real,,5000000,0.00723073
D,Sqrt,real,,10000000,0.0143718
D,Sqrt,real,,100000000,0.148667
D,Fmax,real,,100000,0.000271133
D,Fmax,real,,500000,0.000955533
D,Fmax,real,,1000000,0.0018527
D,Fmax,real,,5000000,0.00856623
D,Fmax,real,,10000000,0.0186989
D,Fmax,real,,100000000,0.190532
D,Fmin,real,,100000,0.000282933
D,Fmin,real,,500000,0.00102177
D,Fmin,real,,1000000,0.0026175
D,Fmin,real,,5000000,0.00975293
D,Fmin,real,,10000000,0.0196289
D,Fmin,real,,100000000,0.202325
D,Pow,real,-1,100000,0.0006705
D,Pow,real,-1,500000,0.00292453
D,Pow,real,-1,1000000,0.00474247
D,Pow,real,-1,5000000,0.0246739
D,Pow,real,-1,10000000,0.0480851
D,Pow,real,-1,100000000,0.522537
D,Pow,real,-0.75,100000,0.00113423
D,Pow,real,-0.75,500000,0.00616817
D,Pow,real,-0.75,1000000,0.0117061
D,Pow,real,-0.75,5000000,0.0662166
D,Pow,real,-0.75,10000000,0.126352
D,Pow,real,-0.75,100000000,1.31179
D,Pow,real,-0.5,100000,0.0011695
D,Pow,real,-0.5,500000,0.00631813
D,Pow,real,-0.5,1000000,0.0119833
D,Pow,real,-0.5,5000000,0.0603512
D,Pow,real,-0.5,10000000,0.123221
D,Pow,real,-0.5,100000000,1.27321
D,Pow,real,-0.25,100000,0.00142557
D,Pow,real,-0.25,500000,0.0060315
D,Pow,real,-0.25,1000000,0.0108124
D,Pow,real,-0.25,5000000,0.0599117
D,Pow,real,-0.25,10000000,0.124605
D,Pow,real,-0.25,100000000,1.2882
D,Pow,real,0,100000,0.000239833
D,Pow,real,0,500000,0.000891433
D,Pow,real,0,1000000,0.0016749
D,Pow,real,0,5000000,0.0085449
D,Pow,real,0,10000000,0.0167789
D,Pow,real,0,100000000,0.17004
D,Pow,real,0.25,100000,0.0011709
D,Pow,real,0.25,500000,0.00585647
D,Pow,real,0.25,1000000,0.0125482
D,Pow,real,0.25,5000000,0.0565858
D,Pow,real,0.25,10000000,0.119953
D,Pow,real,0.25,100000000,1.18623
D,Pow,real,0.5,100000,0.0011693
D,Pow,real,0.5,500000,0.0059662
D,Pow,real,0.5,1000000,0.0128021
D,Pow,real,0.5,5000000,0.0603791
D,Pow,real,0.5,10000000,0.132683
D,Pow,real,0.5,100000000,1.27378
D,Pow,real,0.75,100000,0.00113343
D,Pow,real,0.75,500000,0.00622353
D,Pow,real,0.75,1000000,0.0113773
D,Pow,real,0.75,5000000,0.0583101
D,Pow,real,0.75,10000000,0.124173
D,Pow,real,0.75,100000000,1.2989
D,Pow,real,1,100000,0.0003339
D,Pow,real,1,500000,0.00145067
D,Pow,real,1,1000000,0.0027083
D,Pow,real,1,5000000,0.0136351
D,Pow,real,1,10000000,0.029274
D,Pow,real,1,100000000,0.2696
D,Pow,real,1.25,100000,0.0014426
D,Pow,real,1.25,500000,0.0059059
D,Pow,real,1.25,1000000,0.011226
D,Pow,real,1.25,5000000,0.058213
D,Pow,real,1.25,10000000,0.121709
D,Pow,real,1.25,100000000,1.28098
D,Pow,real,1.5,100000,0.00116697
D,Pow,real,1.5,500000,0.0061236
D,Pow,real,1.5,1000000,0.0125703
D,Pow,real,1.5,5000000,0.0582152
D,Pow,real,1.5,10000000,0.123758
D,Pow,real,1.5,100000000,1.28757
D,Pow,real,1.75,100000,0.00134667
D,Pow,real,1.75,500000,0.00570593
D,Pow,real,1.75,1000000,0.0120431
D,Pow,real,1.75,5000000,0.0590824
D,Pow,real,1.75,10000000,0.124301
D,Pow,real,1.75,100000000,1.29636
D,Pow,real,2,100000,0.000717
D,Pow,real,2,500000,0.0027785
D,Pow,real,2,1000000,0.00559313
D,Pow,real,2,5000000,0.02667
D,Pow,real,2,10000000,0.0567593
D,Pow,real,2,100000000,0.604831
D,Pow,real,2.25,100000,0.0012526
D,Pow,real,2.25,500000,0.00590577
D,Pow,real,2.25,1000000,0.0110292
D,Pow,real,2.25,5000000,0.0612273
D,Pow,real,2.25,10000000,0.127325
D,Pow,real,2.25,100000000,1.28835
D,Pow,real,2.5,100000,0.00113943
D,Pow,real,2.5,500000,0.0059685
D,Pow,real,2.5,1000000,0.0128073
D,Pow,real,2.5,5000000,0.058788
D,Pow,real,2.5,10000000,0.122746
D,Pow,real,2.5,100000000,1.21358
D,Pow,real,2.75,100000,0.001157
D,Pow,real,2.75,500000,0.00658003
D,Pow,real,2.75,1000000,0.0114664
D,Pow,real,2.75,5000000,0.0606791
D,Pow,real,2.75,10000000,0.13258
D,Pow,real,2.75,100000000,1.31134
D,Pow,real,3,100000,0.000742267
D,Pow,real,3,500000,0.00312717
D,Pow,real,3,1000000,0.0065248
D,Pow,real,3,5000000,0.0318986
D,Pow,real,3,10000000,0.0632701
D,Pow,real,3,100000000,0.712164
