LLVM,Cos,float,,100000,0.0002109
LLVM,Cos,float,,500000,0.00110873
LLVM,Cos,float,,1000000,0.0016602
LLVM,Cos,float,,5000000,0.00767243
LLVM,Cos,float,,10000000,0.0156412
LLVM,Cos,float,,100000000,0.181413
LLVM,Exp,float,,100000,0.0001569
LLVM,Exp,float,,500000,0.0004737
LLVM,Exp,float,,1000000,0.000927467
LLVM,Exp,float,,5000000,0.00461197
LLVM,Exp,float,,10000000,0.0097091
LLVM,Exp,float,,100000000,0.0935734
LLVM,Exp2,float,,100000,0.000218
LLVM,Exp2,float,,500000,0.000513167
LLVM,Exp2,float,,1000000,0.000934933
LLVM,Exp2,float,,5000000,0.0054946
LLVM,Exp2,float,,10000000,0.00973603
LLVM,Exp2,float,,100000000,0.0887644
LLVM,Fabs,float,,100000,9.79e-05
LLVM,Fabs,float,,500000,0.000269067
LLVM,Fabs,float,,1000000,0.0005388
LLVM,Fabs,float,,5000000,0.002531
LLVM,Fabs,float,,10000000,0.00474597
LLVM,Fabs,float,,100000000,0.0484227
LLVM,Log,float,,100000,0.000175533
LLVM,Log,float,,500000,0.00100497
LLVM,Log,float,,1000000,0.0011893
LLVM,Log,float,,5000000,0.0083708
LLVM,Log,float,,10000000,0.0106411
LLVM,Log,float,,100000000,0.110755
LLVM,Log10,float,,100000,0.000232333
LLVM,Log10,float,,500000,0.000844033
LLVM,Log10,float,,1000000,0.00177633
LLVM,Log10,float,,5000000,0.010383
LLVM,Log10,float,,10000000,0.0170546
LLVM,Log10,float,,100000000,0.177268
LLVM,Log2,float,,100000,0.000164533
LLVM,Log2,float,,500000,0.000530467
LLVM,Log2,float,,1000000,0.0010728
LLVM,Log2,float,,5000000,0.00564487
LLVM,Log2,float,,10000000,0.00999487
LLVM,Log2,float,,100000000,0.10544
LLVM,Round,float,,100000,0.000185767
LLVM,Round,float,,500000,0.000556067
LLVM,Round,float,,1000000,0.0013151
LLVM,Round,float,,5000000,0.0056829
LLVM,Round,float,,10000000,0.0103062
LLVM,Round,float,,100000000,0.114986
LLVM,Sin,float,,100000,0.0002565
LLVM,Sin,float,,500000,0.000681333
LLVM,Sin,float,,1000000,0.0015396
LLVM,Sin,float,,5000000,0.0078936
LLVM,Sin,float,,10000000,0.0136296
LLVM,Sin,float,,100000000,0.142993
LLVM,Sqrt,float,,100000,0.000121867
LLVM,Sqrt,float,,500000,0.0003208
LLVM,Sqrt,float,,1000000,0.000583733
LLVM,Sqrt,float,,5000000,0.00258097
LLVM,Sqrt,float,,10000000,0.0053641
LLVM,Sqrt,float,,100000000,0.0614677
LLVM,Fmax,float,,100000,0.0001353
LLVM,Fmax,float,,500000,0.000365033
LLVM,Fmax,float,,1000000,0.0006393
LLVM,Fmax,float,,5000000,0.00299303
LLVM,Fmax,float,,10000000,0.00586993
LLVM,Fmax,float,,100000000,0.064585
LLVM,Fmin,float,,100000,0.000121033
LLVM,Fmin,float,,500000,0.000294467
LLVM,Fmin,float,,1000000,0.000498833
LLVM,Fmin,float,,5000000,0.0027465
LLVM,Fmin,float,,10000000,0.0046052
LLVM,Fmin,float,,100000000,0.0528527
LLVM,Pow,float,-1,100000,0.000338967
LLVM,Pow,float,-1,500000,0.00132523
LLVM,Pow,float,-1,1000000,0.0019561
LLVM,Pow,float,-1,5000000,0.00963087
LLVM,Pow,float,-1,10000000,0.0187372
LLVM,Pow,float,-1,100000000,0.200174
LLVM,Pow,float,-0.75,100000,0.0002385
LLVM,Pow,float,-0.75,500000,0.000958867
LLVM,Pow,float,-0.75,1000000,0.00192907
LLVM,Pow,float,-0.75,5000000,0.00893103
LLVM,Pow,float,-0.75,10000000,0.0163256
LLVM,Pow,float,-0.75,100000000,0.171414
LLVM,Pow,float,-0.5,100000,0.000232533
LLVM,Pow,float,-0.5,500000,0.000824133
LLVM,Pow,float,-0.5,1000000,0.00176703
LLVM,Pow,float,-0.5,5000000,0.00891903
LLVM,Pow,float,-0.5,10000000,0.0163689
LLVM,Pow,float,-0.5,100000000,0.177179
LLVM,Pow,float,-0.25,100000,0.000229467
LLVM,Pow,float,-0.25,500000,0.000820667
LLVM,Pow,float,-0.25,1000000,0.00166973
LLVM,Pow,float,-0.25,5000000,0.00967843
LLVM,Pow,float,-0.25,10000000,0.0167009
LLVM,Pow,float,-0.25,100000000,0.179823
LLVM,Pow,float,0,100000,0.000384067
LLVM,Pow,float,0,500000,0.000771567
LLVM,Pow,float,0,1000000,0.00153947
LLVM,Pow,float,0,5000000,0.00681587
LLVM,Pow,float,0,10000000,0.0138315
LLVM,Pow,float,0,100000000,0.144818
LLVM,Pow,float,0.25,100000,0.000234767
LLVM,Pow,float,0.25,500000,0.000970567
LLVM,Pow,float,0.25,1000000,0.0018597
LLVM,Pow,float,0.25,5000000,0.00806147
LLVM,Pow,float,0.25,10000000,0.0164231
LLVM,Pow,float,0.25,100000000,0.173477
LLVM,Pow,float,0.5,100000,0.000233467
LLVM,Pow,float,0.5,500000,0.0008378
LLVM,Pow,float,0.5,1000000,0.00226567
LLVM,Pow,float,0.5,5000000,0.0079962
LLVM,Pow,float,0.5,10000000,0.0169753
LLVM,Pow,float,0.5,100000000,0.172717
LLVM,Pow,float,0.75,100000,0.000235967
LLVM,Pow,float,0.75,500000,0.0008167
LLVM,Pow,float,0.75,1000000,0.00176243
LLVM,Pow,float,0.75,5000000,0.00807757
LLVM,Pow,float,0.75,10000000,0.016776
LLVM,Pow,float,0.75,100000000,0.172007
LLVM,Pow,float,1,100000,0.000314667
LLVM,Pow,float,1,500000,0.0011206
LLVM,Pow,float,1,1000000,0.00224777
LLVM,Pow,float,1,5000000,0.0104125
LLVM,Pow,float,1,10000000,0.0187377
LLVM,Pow,float,1,100000000,0.217824
LLVM,Pow,float,1.25,100000,0.000269433
LLVM,Pow,float,1.25,500000,0.000860633
LLVM,Pow,float,1.25,1000000,0.00198413
LLVM,Pow,float,1.25,5000000,0.00940273
LLVM,Pow,float,1.25,10000000,0.0188155
LLVM,Pow,float,1.25,100000000,0.182118
LLVM,Pow,float,1.5,100000,0.0002348
LLVM,Pow,float,1.5,500000,0.000843933
LLVM,Pow,float,1.5,1000000,0.00175603
LLVM,Pow,float,1.5,5000000,0.0089791
LLVM,Pow,float,1.5,10000000,0.0171479
LLVM,Pow,float,1.5,100000000,0.177755
LLVM,Pow,float,1.75,100000,0.0002121
LLVM,Pow,float,1.75,500000,0.0008246
LLVM,Pow,float,1.75,1000000,0.0030556
LLVM,Pow,float,1.75,5000000,0.00940823
LLVM,Pow,float,1.75,10000000,0.0191412
LLVM,Pow,float,1.75,100000000,0.179271
LLVM,Pow,float,2,100000,0.000260467
LLVM,Pow,float,2,500000,0.000981933
LLVM,Pow,float,2,1000000,0.0021849
LLVM,Pow,float,2,5000000,0.010144
LLVM,Pow,float,2,10000000,0.0199575
LLVM,Pow,float,2,100000000,0.218217
LLVM,Pow,float,2.25,100000,0.000254133
LLVM,Pow,float,2.25,500000,0.000959533
LLVM,Pow,float,2.25,1000000,0.00193123
LLVM,Pow,float,2.25,5000000,0.0084927
LLVM,Pow,float,2.25,10000000,0.0166115
LLVM,Pow,float,2.25,100000000,0.188032
LLVM,Pow,float,2.5,100000,0.000231833
LLVM,Pow,float,2.5,500000,0.000859733
LLVM,Pow,float,2.5,1000000,0.00173617
LLVM,Pow,float,2.5,5000000,0.0090207
LLVM,Pow,float,2.5,10000000,0.0173753
LLVM,Pow,float,2.5,100000000,0.183164
LLVM,Pow,float,2.75,100000,0.000252867
LLVM,Pow,float,2.75,500000,0.00105843
LLVM,Pow,float,2.75,1000000,0.001985
LLVM,Pow,float,2.75,5000000,0.00906813
LLVM,Pow,float,2.75,10000000,0.0169711
LLVM,Pow,float,2.75,100000000,0.185299
LLVM,Pow,float,3,100000,0.0002416
LLVM,Pow,float,3,500000,0.000933667
LLVM,Pow,float,3,1000000,0.00224367
LLVM,Pow,float,3,5000000,0.0111127
LLVM,Pow,float,3,10000000,0.0203608
LLVM,Pow,float,3,100000000,0.230916
